Fund,Annualized Return,Volatility,Sharpe Ratio,Sortino Ratio,Maximum Drawdown,VaR 95%,CVaR 95%,Health Score,Category
Mirae Asset Large Cap Fund - Regular - Growth,0.19345399235710925,0.12025007220633226,1.0682238272314732,1.4907389522947083,-0.11265729075028275,0.012607396741943238,0.016343197522742478,66.75,Good
Kotak Flexicap Fund - Regular - Growth,0.19490975224138804,0.13454333708270202,0.9655606517440118,1.4795034584167763,-0.1297396816518679,0.01332748517321156,0.01711410215389912,64.1,Moderate
Mirae Asset Tax Saver Fund - Regular - Growth,0.20253117366629514,0.1496454949053764,0.919046535635828,1.352815022123365,-0.1639674294693263,0.01525904637114308,0.019851510510311667,60.88,Moderate
SBI Bluechip Fund - Regular Plan - Growth,0.16518798671520765,0.11636541830220329,0.8609773262277756,1.2914833497690066,-0.1501238549864533,0.011826841635318986,0.015229577496502082,60.47,Moderate
ICICI Pru Midcap Fund - Regular - Growth,0.209245787807528,0.16331148626873557,0.883255618469884,1.2858427838168305,-0.18188513572116294,0.01622408730341725,0.022363198028897975,58.85,Moderate
ABSL Frontline Equity Fund - Regular - Growth,0.15347166831278516,0.12332110247769963,0.717408995989017,1.0639085968011799,-0.11291596329323073,0.012173429806863608,0.01607512058946511,57.8,Moderate
DSP Midcap Fund - Regular - Growth,0.19012349884465204,0.1502289807114623,0.8328852279505966,1.1677933799074822,-0.17248105753451382,0.015865984799217414,0.0209026576862566,57.56,Moderate
ICICI Pru Bluechip Fund - Direct - Growth,0.15189944144183365,0.12159171405589163,0.7146822636441238,1.0639638792991957,-0.12588275606922517,0.012531255294818832,0.016225606809666344,57.2,Moderate
HDFC Mid-Cap Opportunities Fund - Regular - Growth,0.19455820981566938,0.16029119278668055,0.8082678003905592,1.1442164603950202,-0.16217208574644848,0.016901625170766918,0.021849843397164254,57.09,Moderate
Nippon India Large Cap Fund - Regular - Growth,0.15589574179989107,0.11978074493866073,0.7588510310771438,1.0988795112458636,-0.17414075086657232,0.012333469077205578,0.01632772507032638,56.46,Moderate
SBI Bluechip Fund - Direct Plan - Growth,0.14148439472812366,0.11798750618901818,0.6482414723266905,0.9265632920561692,-0.11803493502764295,0.012129038937142641,0.016078207856022268,55.6,Moderate
Mirae Asset Emerging Bluechip Fund - Regular - Growth,0.14866087533335284,0.1305827825255206,0.6406730942266641,0.955767194381326,-0.1527259422823477,0.013312695155113128,0.017383918582139044,53.89,Moderate
UTI Nifty 50 Index Fund - Regular - Growth,0.12146939540005637,0.1086373712116601,0.5197971450361778,0.7729719235511073,-0.1085986215250232,0.01104718023672324,0.014381301038700011,53.18,Moderate
Axis Midcap Fund - Regular - Growth,0.18498961473769387,0.1642463139678321,0.7305467735561727,1.0552844773147763,-0.20960883862039192,0.016996541912790975,0.022374528784811144,53.02,Moderate
ICICI Pru Bluechip Fund - Regular - Growth,0.12569219372774595,0.11749520419593236,0.5165503915082101,0.7329158023031637,-0.13897862823061635,0.012133236715948301,0.016099692653253457,51.29,Moderate
HDFC Top 100 Fund - Direct Plan - Growth,0.12784118487243204,0.12412510324744544,0.5062729716095954,0.7347975997481628,-0.15200013055606398,0.01250186045702889,0.01696448520682221,50.35,Moderate
Nippon India ETF Nifty 50 BeES,0.10819292907873196,0.10985306633798696,0.3931881969124055,0.5694261625753932,-0.1165062450540909,0.011033466722709946,0.014938288639839212,49.42,Weak
ICICI Pru Liquid Fund - Regular - Growth,0.04822542504748042,0.004595542446781668,-3.650183878568478,-7.208233748898265,-0.0009773140045925555,0.00019572938739494935,0.00032535262562039257,48.76,Weak
Kotak Liquid Fund - Regular - Growth,0.04614907735094514,0.004712319548628601,-4.000348969233408,-7.768003070332339,-0.0011629327956168556,0.00020381476425921358,0.0003620891285341904,48.58,Weak
ABSL Liquid Fund - Regular - Growth,0.04352162036092684,0.00461860837197231,-4.650400707150913,-8.74165427899441,-0.0016224980244717857,0.0002184446720203014,0.000370888261084244,48.35,Weak
SBI Small Cap Fund - Regular Plan - Growth,0.21639807381226878,0.21273031336024348,0.7116901743847245,1.0672557743438265,-0.2870600572176455,0.02150192149676894,0.028444271406010857,48.34,Weak
DSP Small Cap Fund - Regular - Growth,0.21516489311995682,0.2101908465972875,0.7144216579881013,1.0309617308730288,-0.31171900300634214,0.021520304253189047,0.02857253167644592,47.3,Weak
Nippon India Large Cap Fund - Direct - Growth,0.11104692725419561,0.11842466866302143,0.3888288460001742,0.588632856529793,-0.18629743138595511,0.012065681475230456,0.015542096862478805,46.36,Weak
SBI Magnum Gilt Fund - Regular Plan - Growth,0.04004812909236466,0.03357814142204654,-0.7430986305648408,-1.0459097782832028,-0.04328728923970093,0.003428846226904113,0.004618214851480345,45.63,Weak
ICICI Pru Value Discovery Fund - Regular - Growth,0.1171362158251039,0.1288537355031303,0.40461547832920475,0.5781364061026484,-0.1982565826298267,0.013005352264566299,0.017792496196296158,45.52,Weak
HDFC Short Term Debt Fund - Regular - Growth,0.030640159178966238,0.03304017152036813,-1.0399413574427754,-1.4612200367895025,-0.04308263824636349,0.0033376131495872147,0.004580656507363616,44.91,Weak
UTI Flexi Cap Fund - Regular - Growth,0.11627698030881493,0.13331254069504203,0.38463733450338444,0.571857543023029,-0.21539827112383225,0.013743344236293052,0.017963512958246095,44.19,Weak
Nippon India Gilt Securities Fund - Regular - Growth,0.03631211434065539,0.033727480304525666,-0.8505789759662293,-1.2383022198784406,-0.08316361763638702,0.0033443895621997647,0.004540687118852717,43.86,Weak
Kotak Bluechip Fund - Regular - Growth,0.09405630002008192,0.11389383315023298,0.25511741256223125,0.3766193408262902,-0.1757361416468729,0.011724966759344821,0.015248574925611378,43.35,Weak
DSP Top 100 Equity Fund - Regular - Growth,0.09409879926976204,0.12141529821671088,0.23966336777285166,0.3329520941712109,-0.14844576917771746,0.012955446642516752,0.016995172112929814,43.2,Weak
Axis Bluechip Fund - Regular - Growth,0.04954548796260085,0.1179651178179341,-0.13100916883965183,-0.18918833169513882,-0.1440161790933726,0.012692876487327585,0.016166151944503535,36.07,Weak
HDFC Mid-Cap Opportunities Fund - Direct - Growth,0.08592088484593446,0.1552019281708006,0.1347978410610396,0.19294712720125928,-0.21117279560132118,0.016762363565981833,0.021483832175150833,35.43,Weak
Nippon India Small Cap Fund - Regular - Growth,0.12740641404379566,0.2134696587931458,0.292343251010993,0.4113036004766502,-0.2334488614483311,0.02280980904250804,0.029939618949017758,35.38,Weak
Axis Bluechip Fund - Direct - Growth,0.05943367191060252,0.1182482043206589,-0.04707325681075906,-0.06789981210009603,-0.21751396370148224,0.01258785333198682,0.016331690102985696,34.08,Poor
HDFC Top 100 Fund - Regular Plan - Growth,0.025513252110112662,0.1230042952202974,-0.32101926049954294,-0.47282240843697454,-0.24734440880673303,0.012883548931908687,0.016768321461436163,29.88,Poor
Kotak Emerging Equity Fund - Regular - Growth,0.05619872413762051,0.15131095633895364,-0.05816681141492252,-0.08069596764131791,-0.24003511326274884,0.016949938922196213,0.02125068794917235,29.88,Poor
UTI Mid Cap Fund - Regular - Growth,0.01978633056877262,0.15332441289191184,-0.29488891285108904,-0.4205889785291457,-0.2800112356639287,0.016857052171303167,0.02177063382107187,25.31,Poor
ABSL Small Cap Fund - Regular - Growth,0.07647758498249846,0.21812982654308152,0.05261813647585507,0.07566830445152817,-0.3544691649336603,0.023914620856145253,0.03028853855689586,22.22,Poor
SBI Small Cap Fund - Direct Plan - Growth,0.036273125844665105,0.2109507450893358,-0.13617811182970374,-0.1900354205037956,-0.5257422117012851,0.02315543346345327,0.030162858545493422,16.94,Poor
Axis Small Cap Fund - Regular - Growth,0.032858414048511954,0.21193443362831077,-0.1516581586164415,-0.21634600934828302,-0.5167775370852656,0.023283602663622456,0.029690039727417208,16.64,Poor
